film_title,category_name,rental_count
Train Bunch,Horror,4
Hardly Robbers,Documentary,4
Mixed Doors,Foreign,4
Mussolini Spoilers,Sports,5
Braveheart Human,Family,5
Glory Tracy,Games,5
Hunter Alter,Documentary,5
Bunch Minds,Drama,5
Informer Double,Foreign,5
Seven Swarm,Games,5
Private Drop,Games,5
Mannequin Worst,New,5
Freedom Cleopatra,Comedy,5
Fever Empire,Games,5
Traffic Hobbit,Travel,5
Conspiracy Spirit,Classics,5
Full Flatliners,Children,5
Rushmore Mermaid,Comedy,6
School Jacket,Foreign,6
Happiness United,Foreign,6
Watership Frontier,Horror,6
Graceland Dynamite,Sports,6
Cassidy Wyoming,Travel,6
Haunted Antitrust,Travel,6
Oklahoma Jumanji,New,6
Duck Racer,Animation,6
Ladybugs Armageddon,Games,6
Warlock Werewolf,Children,6
Italian African,Travel,6
Bubble Grosse,Sports,6
Extraordinary Conquerer,Classics,6
Youth Kick,Music,6
Frontier Cabin,New,6
Jersey Sassy,Children,6
Terminator Club,Music,6
Japanese Run,Horror,6
Comancheros Enemy,Children,6
Texas Watch,Horror,6
Phantom Glory,New,6
Sling Luke,Classics,6
Tequila Past,Children,6
Bed Highball,Documentary,6
Wild Apollo,New,6
Desperate Trainspotting,Travel,6
Killer Innocent,Family,6
Apocalypse Flamingos,New,6
Dumbo Lust,Family,6
Simon North,Horror,6
Stallion Sundance,Sci-Fi,7
Panic Club,Horror,7
Early Home,Animation,7
Menagerie Rushmore,Animation,7
Eve Resurrection,New,7
Pizza Jumanji,Games,7
Cruelty Unforgiven,Classics,7
Duffel Apocalypse,Documentary,7
Magic Mallrats,Children,7
Squad Fish,Sports,7
Dozen Lion,Documentary,7
Bulworth Commandments,Games,7
Connection Microcosmos,Comedy,7
Treatment Jekyll,Drama,7
Luke Mummy,Animation,7
Control Anthem,Comedy,7
Leathernecks Dwarfs,Travel,7
Sense Greek,Sports,7
Vanished Garden,New,7
Clerks Angels,Documentary,7
Ace Goldfinger,Horror,7
Heavenly Gun,Music,7
Ishtar Rocketeer,Animation,7
License Weekend,Sci-Fi,7
Doctor Grail,Children,7
Hawk Chill,Documentary,7
Vision Torque,Foreign,7
President Bang,Family,7
Cowboy Doom,Foreign,7
Bang Kwai,Family,7
Elf Murder,Music,7
Fire Wolves,Games,7
Divorce Shining,Sports,7
Lesson Cleopatra,Sports,7
Newsies Story,Documentary,7
Mulholland Beast,Foreign,7
Young Language,Documentary,7
Clue Grail,Music,7
Baby Hall,Foreign,8
Crusade Honey,Sports,8
Ballroom Mockingbird,Foreign,8
Sunset Racer,Family,8
Pet Haunting,Foreign,8
Rebel Airport,Music,8
Clyde Theory,New,8
Jumanji Blade,New,8
World Leathernecks,Horror,8
Runner Madigan,Music,8
Park Citizen,Action,8
Tarzan Videotape,Horror,8
Chitty Lock,Drama,8
Saints Bride,Drama,8
Destination Jerk,Drama,8
Untouchables Sunrise,Documentary,8
Unfaithful Kill,Drama,8
Magnificent Chitty,Classics,8
Desire Alien,Animation,8
Runaway Tenenbaums,New,8
Grosse Wonderful,Music,8
Casper Dragonfly,Children,8
Soldiers Evolution,Sci-Fi,8
Godfather Diary,New,8
Harold French,Drama,8
Maude Mod,Foreign,8
Vertigo Northwest,Comedy,8
Lights Deer,Classics,8
Records Zorro,Sports,8
Soup Wisdom,Family,8
Papi Necklace,Travel,8
Gosford Donnie,Action,8
Chaplin License,New,8
Hoosiers Birdcage,Foreign,8
Shining Roses,Travel,8
Punk Divorce,Animation,8
Wonderful Drop,Foreign,9
Montezuma Command,Action,9
Casualties Encino,Action,9
Gilbert Pelican,Classics,9
Legend Jedi,Music,9
Ali Forever,Horror,9
Vanilla Day,Games,9
Holy Tadpole,Classics,9
Won Dares,Music,9
Impact Aladdin,Music,9
Legally Secretary,Children,9
Anything Savannah,Horror,9
Dolls Rage,Sci-Fi,9
Snatchers Montezuma,Classics,9
Dares Pluto,Animation,9
Random Go,Sci-Fi,9
Jungle Closer,New,9
Daughter Madigan,Children,9
Speed Suit,Travel,9
Matrix Snowman,Foreign,9
King Evolution,Family,9
Diary Panic,Drama,9
Drop Waterfront,Sports,9
Darling Breaking,Games,9
Zhivago Core,Horror,9
Intolerable Intentions,Documentary,9
Hotel Happiness,Foreign,9
Miracle Virtual,Animation,9
Maguire Apache,Family,9
Reds Pocus,Music,9
Kramer Chocolate,Sports,9
Frisco Forrest,Sci-Fi,9
Wisdom Worker,Comedy,9
Platoon Instinct,New,9
Crazy Home,Comedy,9
Monsoon Cause,Games,9
Birdcage Casper,Music,9
Ghostbusters Elf,Animation,9
Dwarfs Alter,Games,9
Spartacus Cheaper,Family,9
Caribbean Liberty,Sports,9
Victory Academy,Sports,9
Nuts Ties,New,9
Guys Falcon,Sci-Fi,9
Lambs Cincinatti,Games,10
Element Freddy,Comedy,10
Jeopardy Encino,Classics,10
Madigan Dorado,Travel,10
Run Pacific,New,10
Oleander Clue,Music,10
Halloween Nuts,Documentary,10
Superfly Trip,Travel,10
Elizabeth Shane,Sports,10
Rollercoaster Bringing,Horror,10
Jawbreaker Brooklyn,Music,10
Maker Gables,Children,10
Life Twisted,Comedy,10
Fiddler Lost,Sci-Fi,10
Frogmen Breaking,Travel,10
Wars Pluto,Documentary,10
Luck Opus,Drama,10
Wagon Jaws,Documentary,10
Paths Control,Drama,10
Sensibility Rear,Family,10
Beneath Rush,Children,10
Amelie Hellfighters,Music,10
Lolita World,Family,10
Clockwork Paradise,Children,10
Reservoir Adaptation,Foreign,10
Notting Speakeasy,Drama,10
Spoilers Hellfighters,Documentary,10
Gone Trouble,Drama,10
Lover Truman,Classics,10
Mystic Truman,Comedy,10
Doubtfire Labyrinth,Foreign,10
Grail Frankenstein,Action,10
Hollow Jeopardy,Sci-Fi,10
Smile Earring,Travel,10
Antitrust Tomatoes,Action,10
Right Cranes,Classics,10
Blood Argonauts,Family,10
Stage World,Comedy,10
Spirited Casualties,Sci-Fi,11
Drumline Cyclone,Travel,11
Santa Paris,Children,11
Bird Independence,Travel,11
Cranes Reservoir,Sports,11
Bowfinger Gables,Horror,11
Magnolia Forrester,Action,11
Potluck Mixed,Animation,11
Reef Salute,Horror,11
Twisted Pirates,Children,11
Theory Mermaid,Animation,11
October Submarine,Classics,11
Prix Undefeated,Family,11
Fugitive Maguire,Travel,11
Opus Ice,Foreign,11
Trainspotting Strangers,Comedy,11
Mod Secretary,Documentary,11
Frida Slipper,Foreign,11
Stone Fire,Travel,11
Rider Caddyshack,Sports,11
Stranger Strangers,Children,11
Darko Dorado,Action,11
Lord Arizona,Action,11
Beethoven Exorcist,Drama,11
Song Hedwig,Music,11
Ending Crowds,New,11
Ties Hunger,Children,11
Language Cowboy,Children,11
Iron Moon,Classics,11
Towers Hurricane,Classics,11
Thin Sagebrush,Documentary,11
Gathering Calendar,Games,11
Dragon Squad,Action,11
Bugsy Song,Foreign,11
North Tequila,Documentary,11
Beast Hunchback,Classics,11
Birch Antitrust,Music,11
Feathers Metal,Games,11
Autumn Crow,Games,11
Uptown Young,Children,12
Brannigan Sunrise,New,12
Dangerous Uptown,Foreign,12
Minority Kiss,Music,12
African Egg,Family,12
Born Spinal,Travel,12
Mighty Luck,Documentary,12
Speakeasy Date,Action,12
Hedwig Alter,Comedy,12
Massage Image,Animation,12
Pittsburgh Hunchback,Family,12
Tycoon Gathering,Games,12
Savannah Town,Drama,12
Crow Grease,Action,12
Alabama Devil,Horror,12
Loverboy Attacks,New,12
Sorority Queen,Foreign,12
Finding Anaconda,Family,12
Flight Lies,Sports,12
Smoochy Control,Sports,12
Side Ark,Action,12
Silverado Goldfinger,Sci-Fi,12
Valentine Vanishing,Travel,12
Gunfighter Mussolini,Sports,12
Adaptation Holes,Documentary,12
Window Side,Travel,12
War Notting,Foreign,12
Blanket Beverly,Family,12
California Birds,Sports,12
Meet Chocolate,Foreign,12
Vampire Whale,New,12
Mob Duffel,Drama,12
Temple Attraction,Horror,12
Liberty Magnificent,Sports,12
Evolution Alter,Sports,12
Lost Bird,Foreign,12
Identity Lover,Sci-Fi,13
Opposite Necklace,Family,13
Chamber Italian,Music,13
Bilko Anonymous,Family,13
Spinal Rocky,Family,13
Mulan Moon,Comedy,13
Spiking Element,Classics,13
Super Wyoming,Family,13
Robbery Bright,Family,13
Express Lonely,Sci-Fi,13
Monterey Labyrinth,Horror,13
Drums Dynamite,Horror,13
State Wasteland,Games,13
Darkness War,Drama,13
Jingle Sagebrush,Classics,13
Purple Movie,Foreign,13
Natural Stock,Family,13
Raging Airplane,Sci-Fi,13
Hunger Roof,Foreign,13
Date Speed,Family,13
Bright Encounters,Drama,13
Lucky Flying,Music,13
Citizen Shrek,Sci-Fi,13
Cincinatti Whisperer,Sci-Fi,13
Usual Untouchables,Foreign,13
Hollywood Anonymous,Children,13
Everyone Craft,Foreign,13
Sassy Packer,Games,13
Tuxedo Mile,Sports,13
Past Suicides,Foreign,13
Lawrence Love,Action,13
Anonymous Human,Sports,13
Flash Wars,New,13
Connecticut Tramp,Sci-Fi,13
Mile Mulan,Sports,13
Champion Flatliners,Animation,13
Wyoming Storm,New,13
Microcosmos Paradise,Children,13
Chisum Behavior,Family,13
Bedazzled Married,Family,13
Tenenbaums Command,Drama,13
Arabia Dogma,Horror,13
Exorcist Sting,Sports,13
Party Knock,Comedy,13
Daddy Pittsburgh,Comedy,13
Breaking Home,New,13
Forever Candidate,Children,13
Saturn Name,Comedy,13
Behavior Runaway,Horror,13
Hook Chariots,Animation,13
Memento Zoolander,Comedy,13
Moonwalker Fool,Games,13
Home Pity,Music,14
Stock Glass,New,14
Gold River,Comedy,14
Stampede Disturbing,Games,14
Shane Darkness,Travel,14
Creepers Kane,Classics,14
Tomatoes Hellfighters,Travel,14
Lovely Jingle,Classics,14
Jaws Harry,Comedy,14
Town Ark,Foreign,14
Games Bowfinger,Travel,14
Alley Evolution,Foreign,14
Virtual Spoilers,Family,14
Mother Oleander,Sports,14
Madre Gables,Games,14
Shanghai Tycoon,Travel,14
Nemo Campus,Sci-Fi,14
Outlaw Hanky,Travel,14
Kane Exorcist,Foreign,14
Image Princess,Sports,14
Shrunk Divine,Action,14
Peach Innocent,Sports,14
Blindness Gun,Sci-Fi,14
Analyze Hoosiers,Horror,14
Elephant Trojan,Horror,14
Notorious Reunion,Documentary,14
Uncut Suicides,Music,14
Searchers Wait,Comedy,14
Grinch Massage,Games,14
Deep Crusade,Documentary,14
Personal Ladybugs,Music,14
Troopers Metal,New,14
Dances None,Action,14
Glass Dying,Action,14
Splash Gump,Family,14
Turn Star,Animation,14
Day Unfaithful,New,14
Werewolf Lola,Action,14
Pajama Jawbreaker,Classics,14
Greedy Roots,Drama,14
Confessions Maguire,Drama,14
Impossible Prejudice,Foreign,14
Wrath Mile,Documentary,14
Paris Weekend,Horror,14
Donnie Alley,Animation,14
Hamlet Wisdom,Sci-Fi,14
Saddle Antitrust,Comedy,14
Scissorhands Slums,Foreign,15
Tootsie Pilot,Children,15
Devil Desire,Action,15
Holes Brannigan,Sports,15
Lust Lock,Action,15
Worker Tarzan,Travel,15
Labyrinth League,Children,15
Sons Interview,Animation,15
Model Fish,Children,15
Sweet Brotherhood,Travel,15
Steers Armageddon,Sports,15
Translation Summer,Drama,15
Human Graffiti,Games,15
Odds Boogie,Family,15
Hysterical Grail,Sports,15
Panther Reds,Sci-Fi,15
Vietnam Smoochy,Drama,15
Modern Dorado,Documentary,15
Divine Resurrection,Games,15
Hunting Musketeers,Family,15
Submarine Bed,Comedy,15
Mosquito Armageddon,Sports,15
Edge Kissing,Drama,15
Illusion Amelie,Foreign,15
Betrayed Rear,Children,15
Circus Youth,Children,15
Siege Madre,Family,15
Lonely Elephant,Comedy,15
Monster Spartacus,Music,15
Airplane Sierra,Comedy,15
Entrapment Satisfaction,Action,15
Sierra Divide,Sports,15
Rings Heartbreakers,Action,15
Spirit Flintstones,Horror,15
Loser Hustler,Sports,15
Charade Duffel,Sci-Fi,15
Madison Trap,Documentary,15
Manchurian Curtain,Family,15
Holiday Games,Foreign,15
Ship Wonderland,Documentary,15
Panky Submarine,Games,15
Valley Packer,Comedy,15
Anthem Luke,Comedy,15
Boiled Dares,Travel,15
Nash Chocolat,Animation,15
Necklace Outbreak,Drama,15
Cyclone Family,Foreign,15
Cabin Flash,Children,15
Shrek License,Foreign,15
Dirty Ace,Games,15
Wasteland Divine,Classics,15
Words Hunter,Music,16
Worst Banger,Action,16
Gaslight Crusade,Horror,16
Command Darling,Foreign,16
Mummy Creatures,Sports,16
Wanda Chamber,Games,16
Army Flintstones,Documentary,16
Pickup Driving,Sports,16
Streak Ridgemont,Documentary,16
Trap Guys,Foreign,16
Daisy Menagerie,Sci-Fi,16
Pride Alamo,Animation,16
Coldblooded Darling,Sci-Fi,16
Caddyshack Jedi,Action,16
Reap Unfaithful,Horror,16
Pure Runner,Comedy,16
Sagebrush Clueless,Documentary,16
Destiny Saturday,New,16
Quills Bull,Documentary,16
Lock Rear,Travel,16
Patriot Roman,Action,16
Moulin Wake,Travel,16
Willow Tracy,Family,16
Bonnie Holocaust,Documentary,16
Silence Kane,Music,16
Creatures Shakespeare,Games,16
Slipper Fidelity,Sports,16
Graduate Lord,Children,16
Varsity Trip,New,16
Wizard Coldblooded,Music,16
Motions Details,Horror,16
Casablanca Super,Travel,16
Conquerer Nuts,Drama,16
Hall Cassidy,Children,16
Dude Blindness,Sports,16
Jeepers Wedding,Classics,16
Pluto Oleander,New,16
Attacks Hate,Sci-Fi,16
Baked Cleopatra,Family,16
Homeward Cider,Documentary,16
Indian Love,Family,16
Mermaid Insects,Sports,16
Chicago North,Games,16
Uprising Uptown,Action,16
Bull Shawshank,Action,16
Craft Outfield,Drama,16
Paycheck Wait,Drama,16
Rules Human,Horror,16
West Lion,Drama,16
Artist Coldblooded,Sports,16
Pilot Hoosiers,Family,16
Summer Scarface,Classics,16
Rocky War,Drama,16
Watch Tracy,Animation,16
Confused Candles,Family,17
Newton Labyrinth,Foreign,17
Musketeers Wait,Classics,17
Conversation Downhill,Family,17
United Pilot,Documentary,17
Strangers Graffiti,Horror,17
Beach Heartbreakers,Documentary,17
Noon Papi,Children,17
Breakfast Goldfinger,New,17
Taxi Kick,Music,17
Zoolander Fiction,Children,17
Greek Everyone,Foreign,17
Jericho Mulan,Games,17
Idaho Love,New,17
Virgin Daisy,Drama,17
Hanover Galaxy,Music,17
Sugar Wonka,Animation,17
Perfect Groove,Comedy,17
Jekyll Frogmen,New,17
Joon Northwest,Sports,17
Satisfaction Confidential,Sports,17
Ferris Mother,Comedy,17
Potter Connecticut,Animation,17
Mask Peach,New,17
Flintstones Happiness,Comedy,17
Majestic Floats,Documentary,17
Factory Dragon,Travel,17
Louisiana Harry,Family,17
Orient Closer,Drama,17
French Holiday,Documentary,17
Intentions Empire,Animation,17
Poseidon Forever,Sports,17
Rock Instinct,Horror,17
Freaky Pocus,Music,17
Slacker Liaisons,Drama,17
Midnight Westward,Action,17
Bikini Borrowers,Animation,17
Lady Stage,Horror,17
League Hellfighters,Classics,17
Egypt Tenenbaums,Horror,17
Roots Remember,Classics,17
Dying Maker,Comedy,17
Teen Apollo,Travel,17
Rear Trading,Action,17
Gandhi Kwai,Family,17
Comforts Rush,Travel,17
Holocaust Highball,Children,17
Waterfront Deliverance,Action,17
Lawless Vision,Animation,17
Paradise Sabrina,Comedy,18
Lion Uncut,Comedy,18
Driver Annie,Sports,18
Vanishing Rocky,Music,18
Weekend Personal,Sci-Fi,18
Heaven Freedom,Comedy,18
Expecations Natural,Travel,18
Birds Perdition,New,18
Wonka Sea,Animation,18
Pollock Deliverance,Foreign,18
Scarface Bang,Children,18
Unforgiven Zoolander,Sci-Fi,18
Darn Forrester,Action,18
Whale Bikini,Foreign,18
Mission Zoolander,Animation,18
Alone Trip,Music,18
Secretary Rouge,Sports,18
Sweden Shining,Comedy,18
Dawn Pond,Games,18
Candidate Perdition,Classics,18
Racer Egg,Drama,18
Carol Texas,Animation,18
Inch Jet,Animation,18
Polish Brooklyn,Children,18
Groove Fiction,Sports,18
Groundhog Uncut,Comedy,18
Dragonfly Strangers,New,18
Jade Bunch,Sports,18
Hope Tootsie,Classics,18
Core Suit,Classics,18
Instinct Airport,Sports,18
Forrest Sons,Action,18
Cleopatra Devil,New,18
Insects Stone,Animation,18
Enough Raging,Travel,18
Barefoot Manchurian,Action,18
Galaxy Sweethearts,Classics,18
Boulevard Mob,New,18
Rouge Squad,Games,18
Smoking Barbarella,Documentary,18
Remember Diary,Family,18
Jacket Frisco,Drama,18
Airport Pollock,Horror,18
Eyes Driving,Sci-Fi,19
Road Roxanne,Documentary,19
Roxanne Rebel,Games,19
Sundance Invasion,Children,19
Fantasia Park,Games,19
Music Boondock,Family,19
Pond Seattle,Animation,19
Disciple Mother,Travel,19
Backlash Undefeated,Children,19
Earring Instinct,Family,19
Neighbors Charade,Sports,19
Independence Hotel,Documentary,19
Rage Games,Family,19
Mine Titans,New,19
Hours Rage,New,19
Gorgeous Bingo,Children,19
Encounters Curtain,Drama,19
Something Duck,Drama,19
Patient Sister,Classics,19
Voice Peach,New,19
Jedi Beneath,Family,19
Igby Maker,Travel,19
National Story,Documentary,19
Mars Roman,Games,19
Desert Poseidon,Horror,19
Bride Intrigue,Action,19
Requiem Tycoon,Classics,19
Fiction Christmas,Foreign,19
Thief Pelican,Animation,19
Trojan Tomorrow,Sci-Fi,19
Fury Murder,Children,19
Novocaine Flight,Sports,19
Gables Metropolis,Family,19
Club Graffiti,Animation,19
Encino Elf,Games,19
Cider Desire,Documentary,19
Hanging Deep,Drama,19
Details Packer,Games,19
Clones Pinocchio,Music,19
Shawshank Bubble,Travel,19
Bill Others,Documentary,19
Honey Ties,Sports,19
Canyon Stock,Animation,19
Campus Remember,Action,19
Doors President,Animation,19
Heartbreakers Bright,Children,20
Dinosaur Secretary,Family,20
River Outlaw,Sports,20
Bringing Hysterical,Comedy,20
Wrong Behavior,Children,20
Reunion Witches,Drama,20
Hellfighters Sierra,Foreign,20
Garden Island,Sci-Fi,20
Sleepless Monsoon,Animation,20
Outfield Massacre,Music,20
Kick Savannah,Travel,20
Straight Hours,Sports,20
Cheaper Clyde,Sci-Fi,20
Pinocchio Simon,Comedy,20
Quest Mussolini,Action,20
Northwest Polish,Sports,20
Masked Bubble,Music,20
Kissing Dolls,Action,20
Insider Arizona,Music,20
Reign Gentlemen,Sci-Fi,20
Spice Sorority,Drama,20
Flying Hook,Animation,20
Chasing Fight,Family,20
Secrets Paradise,Family,20
Hunchback Impossible,Drama,20
Money Harold,New,20
Million Ace,Classics,20
Room Roman,Animation,20
Stepmom Dream,Foreign,20
Chocolat Harry,Family,20
Redemption Comforts,New,20
Interview Liaisons,New,20
Harper Dying,Animation,20
Tramp Others,Comedy,20
Jet Neighbors,Foreign,20
Prejudice Oleander,Classics,20
Jerk Paycheck,Classics,20
Go Purple,Music,20
Dalmations Sweden,Drama,20
Peak Forever,Sports,20
Minds Truman,Action,20
Intrigue Worst,Foreign,20
Love Suicides,Horror,20
Moonshine Cabin,Games,21
Star Operation,Sports,21
Arizona Bang,Classics,21
Amadeus Holy,Action,21
Fidelity Devil,Horror,21
Anaconda Confessions,Animation,21
Divide Monster,Sci-Fi,21
Highball Potter,Foreign,21
Unbreakable Karate,New,21
Beverly Outlaw,Sci-Fi,21
Basic Easy,Travel,21
Brooklyn Desert,Foreign,21
Cause Date,Documentary,21
Suit Walls,Games,21
Vacation Boondock,Sci-Fi,21
Sabrina Midnight,Children,21
Secret Groundhog,Documentary,21
Amistad Midsummer,New,21
Pianist Outfield,New,21
Armageddon Lost,Sci-Fi,21
Egg Igby,Documentary,21
Mourning Purple,Sci-Fi,21
Grease Youth,Family,21
Undefeated Dalmations,Horror,21
Doom Dancing,Comedy,21
Ghost Groundhog,Children,21
Crossroads Casualties,Animation,21
Badman Dawn,Sci-Fi,21
Excitement Eve,Action,21
Lebowski Soldiers,Drama,21
Blues Instinct,Family,21
Calendar Gunfight,Foreign,21
Open African,Sci-Fi,21
Empire Malkovich,Children,21
Berets Agent,Action,21
Wait Cider,Animation,21
Sleuth Orient,Games,21
Sleepy Japanese,New,21
Christmas Moonshine,Children,21
Resurrection Silverado,Family,21
Dracula Crystal,Classics,21
Wolves Desire,Travel,21
Pirates Roxanne,Sports,21
Chainsaw Uptown,Sci-Fi,21
Deceiver Betrayed,Drama,21
Fireball Philadelphia,Comedy,21
Driving Polish,Music,21
Sting Personal,New,21
Splendor Patton,Children,21
Agent Truman,Foreign,21
Chariots Conspiracy,Sci-Fi,21
Coast Rainbow,Documentary,21
Falcon Volume,Animation,22
Packer Madigan,Animation,22
Head Stranger,Games,22
Shakespeare Saddle,Sports,22
Whisperer Giant,Sci-Fi,22
Eagles Panky,New,22
Congeniality Quest,Sports,22
Haunting Pianist,Games,22
Banger Pinocchio,Music,22
Borrowers Bedazzled,Animation,22
Volcano Texas,Games,22
Tourist Pelican,Sports,22
Wonderland Christmas,Sci-Fi,22
Dream Pickup,Action,22
Queen Luke,Drama,22
American Circus,Action,22
Beauty Grease,Drama,22
Chill Luck,Drama,22
High Encino,Horror,22
Fight Jawbreaker,Animation,22
Blade Polish,Drama,22
Alien Center,Foreign,22
Alter Victory,Animation,22
Sinners Atlantis,Horror,22
Grapes Fury,Foreign,22
Annie Identity,Sci-Fi,22
Angels Life,New,22
Hustler Party,Comedy,22
Snatch Slipper,Comedy,22
Liaisons Sweet,Travel,22
Kiss Glory,Foreign,22
Sea Virgin,Drama,22
Homicide Peach,Family,22
Flatliners Killer,Sports,22
Midsummer Groundhog,Documentary,22
Maltese Hope,Games,22
South Wait,Action,22
Bear Graceland,Children,22
Chicken Hellfighters,Documentary,22
Gentlemen Stage,Foreign,23
Others Soup,Travel,23
Easy Gladiator,Action,23
Titanic Boondock,Animation,23
Wash Heavenly,Foreign,23
Heavyweights Beast,Documentary,23
Strictly Scarface,Comedy,23
Women Dorado,Action,23
Name Detective,Games,23
Trouble Date,Travel,23
Kwai Homeward,Drama,23
Steel Santa,Classics,23
Earth Vision,New,23
Philadelphia Wife,Sports,23
Truman Crazy,Action,23
Outbreak Divine,Games,23
Academy Dinosaur,Documentary,23
Patton Interview,Horror,23
Wind Phantom,Games,23
Snowman Rollercoaster,Animation,23
House Dynamite,Family,23
Yentl Idaho,Horror,23
Scorpion Apollo,Drama,23
Aladdin Calendar,Sports,23
Freddy Storm,Horror,23
Affair Prejudice,Horror,23
Fool Mockingbird,Action,23
Karate Moon,Horror,23
Balloon Homeward,Music,23
Carrie Bunch,Horror,23
Candles Grapes,Games,23
Murder Antitrust,Children,23
Crooked Frogmen,Children,23
Cupboard Sinners,Documentary,23
Flamingos Connecticut,New,23
Salute Apollo,New,23
Maiden Home,New,24
Sunrise League,Animation,24
Ice Crossing,Games,24
Pacific Amistad,Documentary,24
Celebrity Horn,Action,24
Atlantis Cause,Family,24
Drifter Commandments,Action,24
Wedding Apollo,Documentary,24
Oz Liaisons,Animation,24
Fargo Gandhi,Children,24
Orange Grapes,Foreign,24
Center Dinosaur,Classics,24
Roman Punk,Music,24
Arachnophobia Rollercoaster,Horror,24
Jumping Wrath,Children,24
Sleeping Suspects,Horror,24
Horn Working,Animation,24
Bound Cheaper,Classics,24
Mockingbird Hollywood,Action,24
Alamo Videotape,Foreign,24
Color Philadelphia,Classics,24
Attraction Newton,New,24
Strangelove Desire,Children,24
Jason Trap,Family,24
Lola Agent,Horror,24
Knock Warlock,Comedy,24
Seattle Expecations,Drama,24
Hurricane Affair,Comedy,24
Slums Duck,Family,24
Caper Motions,Comedy,24
Shootist Superfly,Drama,24
Gunfight Moon,Comedy,24
Goldfinger Sensibility,Drama,24
Sun Confessions,Sci-Fi,25
Tomorrow Hustler,Classics,25
Clash Freddy,Animation,25
Downhill Enough,Comedy,25
Madness Attacks,Foreign,25
Hills Neighbors,Action,25
Fish Opus,Sci-Fi,25
Dynamite Tarzan,Classics,25
Coneheads Smoochy,Drama,25
Gun Bonnie,Games,25
Nightmare Chill,Games,25
Show Lord,Documentary,25
Effect Gladiator,Family,25
Streetcar Intentions,Horror,25
Shepherd Midsummer,Children,25
Metal Armageddon,Documentary,25
Clueless Bucket,Action,25
Working Microcosmos,Travel,25
Samurai Lion,New,25
Telemark Heartbreakers,Animation,25
Oscar Gold,Animation,25
Trading Pinocchio,Sports,25
Feud Frogmen,Family,25
Double Wrath,Animation,25
Mallrats United,Comedy,25
Escape Metropolis,Travel,25
Barbarella Streetcar,Sci-Fi,25
Innocent Usual,Foreign,26
Tracy Cider,Animation,26
Fellowship Autumn,Travel,26
Contact Anonymous,Travel,26
Pity Bound,Drama,26
Stagecoach Armageddon,Action,26
Alaska Phantom,Music,26
Pelican Comforts,Documentary,26
Metropolis Coma,Sci-Fi,26
Island Exorcist,Classics,26
Westward Seabiscuit,Classics,26
Half Outfield,Family,26
Tights Dawn,Sports,26
Fantasy Troopers,Action,26
Hanky October,Sci-Fi,26
Seabiscuit Punk,Sports,26
Brotherhood Blanket,Documentary,26
Durham Panky,Sports,26
Velvet Terminator,Comedy,26
Disturbing Scarface,Sci-Fi,26
Pocus Pulp,Documentary,26
Hyde Doctor,Classics,26
Coma Head,Travel,26
Malkovich Pet,Classics,26
Operation Operation,Comedy,27
Camelot Vacation,Sci-Fi,27
Dorado Notting,Music,27
Spy Mile,Games,27
Invasion Cyclone,Children,27
Horror Reign,Travel,27
Lies Treatment,Drama,27
Chance Resurrection,Sports,27
Movie Shakespeare,Family,27
Wardrobe Phantom,Drama,27
Forrester Comancheros,Animation,27
Lose Inch,Foreign,27
Goldmine Tycoon,Sci-Fi,27
Range Moonwalker,Family,27
Gangs Pride,Animation,27
Telegraph Voyage,Music,27
Princess Giant,Documentary,27
Curtain Videotape,Games,27
Detective Vision,Classics,27
Primary Glass,Action,27
Loathing Legally,Classics,27
None Spiking,Sci-Fi,27
Dancing Fever,Documentary,27
Swarm Gold,Horror,27
Blackout Private,Animation,27
Torque Bound,Drama,27
Handicap Boondock,Action,28
Voyage Legally,Classics,28
Giant Troopers,Children,28
Story Side,Action,28
Gilmore Boiled,Classics,28
Closer Bang,Comedy,28
Expendable Stallion,Documentary,28
Fatal Haunted,New,28
Trip Newton,Action,28
Roses Treasure,Sports,28
Saturday Lambs,Sports,28
Storm Happiness,Animation,29
Deer Virginian,Music,29
Moon Bunch,Foreign,29
Talented Homicide,Sports,29
Videotape Arsenic,Games,29
Gleaming Jawbreaker,Sports,29
Titans Jerk,Sci-Fi,29
Greatest North,Music,29
Virginian Pluto,Documentary,29
Confidential Interview,Music,29
Boogie Amelie,Music,29
Sweethearts Suspects,Children,29
Enemy Odds,Music,29
Bingo Talented,Sci-Fi,29
Family Sweet,Horror,29
Shock Cabin,Foreign,30
Married Go,Sci-Fi,30
Witches Panic,Drama,30
Harry Idaho,Drama,30
Cat Coneheads,Comedy,30
Massacre Usual,Games,30
English Bulworth,Sci-Fi,30
Idols Snatchers,Children,30
Suspects Quills,Action,30
Frost Head,Classics,30
Pulp Beverly,Horror,30
Rugrats Shakespeare,Action,30
Graffiti Love,Sci-Fi,30
Butterfly Chocolat,New,30
Dogma Family,Animation,30
Muscle Bright,Travel,30
Goodfellas Salute,Sci-Fi,31
Network Peak,Family,31
Rush Goodfellas,Family,31
Zorro Ark,Comedy,31
Timberland Sky,Classics,31
Wife Turn,Documentary,31
Apache Divine,Family,31
Hobbit Alien,Drama,31
Robbers Joon,Children,31
Forward Temple,Games,32
Juggler Hardly,Animation,32
Grit Clockwork,Games,32
Scalawag Duck,Music,32
Ridgemont Submarine,New,32
Rocketeer Mother,Foreign,33
Bucket Brotherhood,Travel,34
